{"predict_data": [{"Result": "unknown", "Red age": 37, "Blue age": 44, "age oppdiff": -7, "Red totalfights": 6, "Blue totalfights": 3, "Red elo": 973.0963604432768, "Blue elo": 952.736306793522, "Red losestreak": 3, "Blue losestreak": 3, "Red winstreak": 0, "Blue winstreak": 0, "Red titlewins": 0, "Blue titlewins": 0, "Red oppelo": 6138.29722136786, "Blue oppelo": 2968.0, "Red wins": 2, "Blue wins": 0, "Red losses": 4, "Blue losses": 3, "Red KD": 0.0, "Blue KD": 0.0, "Red KD differential": 0.0, "Blue KD differential": 0.0, "Red Sig. str.": 3.5587277324194666, "Blue Sig. str.": 4.180586080586081, "Red Sig. str. differential": 3.5587277324194666, "Blue Sig. str. differential": 4.180586080586081, "Red Total str.": 8.228675862109519, "Blue Total str.": 6.141391941391942, "Red Total str. differential": 8.228675862109519, "Blue Total str. differential": 6.141391941391942, "Red Td": 0.1447575111003672, "Blue Td": 0.0, "Red Td differential": 0.1447575111003672, "Blue Td differential": 0.0, "Red Sub. att": 0.0091455914886309, "Blue Sub. att": 0.038095238095238, "Red Sub. att differential": 0.0091455914886309, "Blue Sub. att differential": 0.038095238095238, "Red Rev.": 0.0, "Blue Rev.": 0.0, "Red Rev. differential": 0.0, "Blue Rev. differential": 0.0, "Red Ctrl": 0.3514240870505659, "Blue Ctrl": 0.0142246642246642, "Red Ctrl differential": 0.3514240870505659, "Blue Ctrl differential": 0.0142246642246642, "Red Head": 1.9547802438666209, "Blue Head": 2.116849816849817, "Red Head differential": 1.9547802438666209, "Blue Head differential": 2.116849816849817, "Red Body": 0.9801521855802204, "Blue Body": 1.3597069597069598, "Red Body differential": 0.9801521855802204, "Blue Body differential": 1.3597069597069598, "Red Leg": 0.6237953029726245, "Blue Leg": 0.7040293040293041, "Red Leg differential": 0.6237953029726245, "Blue Leg differential": 0.7040293040293041, "Red Distance": 1.867226056000216, "Blue Distance": 2.720879120879121, "Red Distance differential": 1.867226056000216, "Blue Distance differential": 2.720879120879121, "Red Clinch": 1.1984831745003008, "Blue Clinch": 0.6978021978021979, "Red Clinch differential": 1.1984831745003008, "Blue Clinch differential": 0.6978021978021979, "Red Ground": 0.4930185019189495, "Blue Ground": 0.761904761904762, "Red Ground differential": 0.4930185019189495, "Blue Ground differential": 0.761904761904762, "Red Sig. str.%": 0.048093870316612, "Blue Sig. str.%": 0.0361834737611135, "Red Sig. str.% differential": 0.048093870316612, "Blue Sig. str.% differential": 0.0361834737611135, "Red Sig. str.% defense": 290.0, "Blue Sig. str.% defense": 5.0, "Red Total str.% differential": 0.0636033392211897, "Blue Total str.% differential": 0.0432227642035528, "Red Td%": 0.045128342319173, "Blue Td%": 0.0, "Red Td% differential": 0.045128342319173, "Blue Td% differential": 0.0, "Red Td% defense": 689.0, "Blue Td% defense": 0.0, "Red Head% differential": 0.0411817544495099, "Blue Head% differential": 0.0251748719202519, "Red Body%": 0.054809875307306, "Blue Body%": 0.0637362637362637, "Red Body% differential": 0.054809875307306, "Blue Body% differential": 0.0637362637362637, "Red Body% defense": 81.0, "Blue Body% defense": 1.0, "Red Leg%": 0.0645075473551611, "Blue Leg%": 0.0697435897435897, "Red Leg% differential": 0.0645075473551611, "Blue Leg% differential": 0.0697435897435897, "Red Leg% defense": 0.0, "Blue Leg% defense": 1.0, "Red Distance% differential": 0.0435195472730655, "Blue Distance% differential": 0.0293127931077767, "Red Clinch%": 0.0495945430102148, "Blue Clinch%": 0.0480690737833595, "Red Clinch% differential": 0.0495945430102148, "Blue Clinch% differential": 0.0480690737833595, "Red Clinch% defense": 142.0, "Blue Clinch% defense": 1.0, "Red Ground%": 0.0705702613291286, "Blue Ground%": 0.0432846822939702, "Red Ground% differential": 0.0705702613291286, "Blue Ground% differential": 0.0432846822939702, "Red Ground% defense": 575.0, "Blue Ground% defense": 1.0, "totalfights oppdiff": 3.0, "elo oppdiff": 20.360053649754946, "losestreak oppdiff": 0.0, "winstreak oppdiff": 0.0, "titlewins oppdiff": 0.0, "oppelo oppdiff": 3170.2972213678595, "wins oppdiff": 2.0, "losses oppdiff": 1.0, "KD oppdiff": 0.0, "KD differential oppdiff": 0.0, "Sig. str. oppdiff": -0.6218583481666142, "Sig. str. differential oppdiff": -0.6218583481666142, "Total str. oppdiff": 2.087283920717577, "Total str. differential oppdiff": 2.087283920717577, "Td oppdiff": 0.1447575111003672, "Td differential oppdiff": 0.1447575111003672, "Sub. att oppdiff": -0.0289496466066071, "Sub. att differential oppdiff": -0.0289496466066071, "Rev. oppdiff": 0.0, "Rev. differential oppdiff": 0.0, "Ctrl oppdiff": 0.3371994228259016, "Ctrl differential oppdiff": 0.3371994228259016, "Head oppdiff": -0.162069572983196, "Head differential oppdiff": -0.162069572983196, "Body oppdiff": -0.3795547741267393, "Body differential oppdiff": -0.3795547741267393, "Leg oppdiff": -0.0802340010566795, "Leg differential oppdiff": -0.0802340010566795, "Distance oppdiff": -0.8536530648789054, "Distance differential oppdiff": -0.8536530648789054, "Clinch oppdiff": 0.500680976698103, "Clinch differential oppdiff": 0.500680976698103, "Ground oppdiff": -0.2688862599858124, "Ground differential oppdiff": -0.2688862599858124, "Sig. str.% oppdiff": 0.0119103965554985, "Sig. str.% differential oppdiff": 0.0119103965554985, "Sig. str.% defense oppdiff": 285.0, "Total str.% differential oppdiff": 0.0203805750176368, "Td% oppdiff": 0.045128342319173, "Td% differential oppdiff": 0.045128342319173, "Td% defense oppdiff": 689.0, "Head% differential oppdiff": 0.0160068825292579, "Body% oppdiff": -0.0089263884289576, "Body% differential oppdiff": -0.0089263884289576, "Body% defense oppdiff": 80.0, "Leg% oppdiff": -0.0052360423884286, "Leg% differential oppdiff": -0.0052360423884286, "Leg% defense oppdiff": -1.0, "Distance% differential oppdiff": 0.0142067541652888, "Clinch% oppdiff": 0.0015254692268553, "Clinch% differential oppdiff": 0.0015254692268553, "Ground% oppdiff": 0.0272855790351584, "Ground% differential oppdiff": 0.0272855790351584, "Ground% defense oppdiff": 574.0, "predicted_result": "loss", "probability_draw": 0.004603057684965637, "probability_loss": 0.5056978973368302, "probability_win": 0.4896990449782042}, {"Result": "unknown", "Red age": 44, "Blue age": 37, "age oppdiff": 7, "Red totalfights": 3, "Blue totalfights": 6, "Red elo": 952.736306793522, "Blue elo": 973.0963604432768, "Red losestreak": 3, "Blue losestreak": 3, "Red winstreak": 0, "Blue winstreak": 0, "Red titlewins": 0, "Blue titlewins": 0, "Red oppelo": 2968.0, "Blue oppelo": 6138.29722136786, "Red wins": 0, "Blue wins": 2, "Red losses": 3, "Blue losses": 4, "Red KD": 0.0, "Blue KD": 0.0, "Red KD differential": 0.0, "Blue KD differential": 0.0, "Red Sig. str.": 4.180586080586081, "Blue Sig. str.": 3.5587277324194666, "Red Sig. str. differential": 4.180586080586081, "Blue Sig. str. differential": 3.5587277324194666, "Red Total str.": 6.141391941391942, "Blue Total str.": 8.228675862109519, "Red Total str. differential": 6.141391941391942, "Blue Total str. differential": 8.228675862109519, "Red Td": 0.0, "Blue Td": 0.1447575111003672, "Red Td differential": 0.0, "Blue Td differential": 0.1447575111003672, "Red Sub. att": 0.038095238095238, "Blue Sub. att": 0.0091455914886309, "Red Sub. att differential": 0.038095238095238, "Blue Sub. att differential": 0.0091455914886309, "Red Rev.": 0.0, "Blue Rev.": 0.0, "Red Rev. differential": 0.0, "Blue Rev. differential": 0.0, "Red Ctrl": 0.0142246642246642, "Blue Ctrl": 0.3514240870505659, "Red Ctrl differential": 0.0142246642246642, "Blue Ctrl differential": 0.3514240870505659, "Red Head": 2.116849816849817, "Blue Head": 1.9547802438666209, "Red Head differential": 2.116849816849817, "Blue Head differential": 1.9547802438666209, "Red Body": 1.3597069597069598, "Blue Body": 0.9801521855802204, "Red Body differential": 1.3597069597069598, "Blue Body differential": 0.9801521855802204,